{"size": [13, 4, 2], "numNeuron": [4, 2, 1], "weight": [[[0.47155538, 0.7946835, -0.017736327, 0.01965146, -0.022810608, 0.9629656, 0.41616046, -0.63939875, 0.027769437, 0.57747084, -0.52231, -0.8901506, 1.3044422], [-0.3683253, -0.38453716, 0.37786356, -0.008610335, 0.048318192, -1.4379895, -1.2386135, 0.013333188, 0.48327583, -0.60460943, -0.95533025, 0.35068893, -0.8677491], [-0.4862258, 0.16464311, -0.25810313, -0.5793609, -0.32648012, -0.14398777, -0.48454708, -0.17565545, -0.47042227, -0.088544905, 0.5369257, 0.06584287, -0.27959344], [-0.34806135, 0.28972813, -0.2059841, 0.031685457, -0.40336874, 0.62102175, -0.15822282, -0.08761841, -0.33004004, 0.10155653, 0.24703242, 0.11382716, -0.28793976]], [[0.49894628, -0.07809101, -0.4161296, -1.0008372], [0.7615979, -0.35496685, -0.02763462, 0.7818639]], [[1.469918, -0.56539327]]], "bias": [[-0.8736055, 2.1021037, 0.0, -0.09014679], [0.5325084, -0.28899115], [0.009783585]]}