{"size": [13, 4], "numNeuron": [4, 1], "weight": [[[-0.30827206, 0.09529924, -0.001224219, 0.13010693, -0.16526717, 0.08255675, 0.26134944, -0.6126161, 0.010445877, 0.007460296, 0.31572774, -0.5787659, 0.17379653], [0.3186699, 0.6922382, -0.30798516, 0.3993867, -0.50941414, 0.5191304, 0.11218023, -0.5943457, -0.046263084, 0.41146782, -0.22253488, -0.3727198, 0.6026366], [0.30637825, 0.3105801, -0.5201703, -0.3000888, 0.11154908, 0.016096132, -0.024996193, -0.0054992903, -0.56229866, 0.6403536, 0.6200602, 0.18845913, 0.3638665], [-0.81193197, -0.33345485, -0.18957397, 0.108808234, 0.19765775, 0.13496068, -0.85099095, -0.4501084, -0.0679474, -0.50844544, 0.0382162, -0.70305705, -0.7005355]], [[0.47559103, 0.94928, 0.7921214, 0.025907787]]], "bias": [[-0.045061126, -0.30988306, -0.19313115, -0.54236704], [-0.50622684]]}