{"size": [10, 4], "numNeuron": [4, 1], "weight": [[[0.04588989, -0.6868392, 0.42154947, -0.024422446, -0.028791245, -0.69390494, -0.34797245, -0.40761018, -0.62822556, -0.33849636], [-1.997715, -0.73475355, 0.062283237, -0.13623807, 0.094504535, -2.2610357, -2.5118055, 0.19114806, 0.27237454, -1.1246223], [0.024001282, 0.1449142, 0.12392223, -0.41668883, -0.21567419, -0.46408722, -0.33203664, -0.74211925, -0.3954986, -0.63659805], [-0.16121401, -1.1887788, 0.40769544, -0.027306968, 0.023290101, -1.9730939, -2.0529804, 0.050322324, 0.42301258, -0.69882673]], [[-0.6666984, -0.12691583, -0.22631536, -3.4912987]]], "bias": [[-0.244865, -0.8926302, -0.15821931, 2.8657181], [1.4977219]]}